url,caption,similarity,height,width,license,nsfw,pwatermark,punsafe,key
https://images.unsplash.com/photo-1506905925346-21bda4d32df4?w=800,mountain landscape with snow-capped peaks,0.98,800,1200,cc0,NSFW,0.1,0.05,001
https://images.unsplash.com/photo-1441974231531-c6227db76b6e?w=800,forest path through green trees,0.97,800,1200,cc0,NSFW,0.05,0.03,002
https://images.unsplash.com/photo-1469474968028-56623f02e42e?w=800,ocean waves crashing on rocks,0.96,800,1200,cc0,NSFW,0.08,0.04,003
https://images.unsplash.com/photo-1506905925346-21bda4d32df4?w=600,city skyline at sunset,0.95,600,800,cc0,NSFW,0.12,0.06,004
https://images.unsplash.com/photo-1441974231531-c6227db76b6e?w=600,desert dunes with golden light,0.94,600,800,cc0,NSFW,0.07,0.02,005
https://images.unsplash.com/photo-1469474968028-56623f02e42e?w=600,flower field in spring,0.93,600,800,cc0,NSFW,0.09,0.05,006
https://picsum.photos/800/600?random=100,abstract geometric patterns,0.92,600,800,cc0,NSFW,0.11,0.07,007
https://picsum.photos/800/600?random=200,vintage car on country road,0.91,600,800,cc0,NSFW,0.13,0.08,008
https://picsum.photos/800/600?random=300,space nebula with bright stars,0.90,600,800,cc0,NSFW,0.06,0.03,009
https://picsum.photos/800/600?random=400,architectural detail close-up,0.89,600,800,cc0,NSFW,0.10,0.04,010
https://images.unsplash.com/photo-1506905925346-21bda4d32df4?w=700,wildlife in natural habitat,0.88,700,800,cc0,NSFW,0.14,0.09,011
https://images.unsplash.com/photo-1441974231531-c6227db76b6e?w=700,food photography with natural lighting,0.87,700,800,cc0,NSFW,0.08,0.05,012
https://picsum.photos/700/600?random=500,minimalist interior design,0.86,600,700,cc0,NSFW,0.12,0.06,013
https://picsum.photos/700/600?random=600,street art on brick wall,0.85,600,700,cc0,NSFW,0.15,0.10,014
https://images.unsplash.com/photo-1469474968028-56623f02e42e?w=900,macro photography of water droplets,0.84,600,900,cc0,NSFW,0.07,0.04,015
